油价区间,样本数,本期均值_USD_per_bbl_最小值,本期均值_USD_per_bbl_最大值,平均理论调幅_CNY_per_ton,平均实际调幅_CNY_per_ton,平均传递系数,中位数传递系数,同向调价比例
<40,4,30.030700000000003,39.5599,-479.79553965194987,-407.5,0.8870348680725422,1.0246069686948909,1.0
40-80,129,40.0166,79.976,18.291068670293793,18.565891472868216,1.7292823768458097,1.333603186372517,0.9612403100775194
80-130,42,80.3376,119.6176,45.77991280259049,54.166666666666664,-2.3193325129420193,0.9805711450516628,0.9523809523809523
>=130,0,,,,,,,
